State Name,State Link
Alabama,www.allstays.com/c/target-alabama-locations.htm
Alaska,www.allstays.com/c/target-alaska-locations.htm
Arizona,www.allstays.com/c/target-arizona-locations.htm
Arkansas,www.allstays.com/c/target-arkansas-locations.htm
California,www.allstays.com/c/target-california-locations.htm
Colorado,www.allstays.com/c/target-colorado-locations.htm
Connecticut,www.allstays.com/c/target-connecticut-locations.htm
Delaware,www.allstays.com/c/target-delaware-locations.htm
Florida,www.allstays.com/c/target-florida-locations.htm
Georgia,www.allstays.com/c/target-georgia-locations.htm
Hawaii,www.allstays.com/c/target-hawaii-locations.htm
Idaho,www.allstays.com/c/target-idaho-locations.htm
Illinois,www.allstays.com/c/target-illinois-locations.htm
Indiana,www.allstays.com/c/target-indiana-locations.htm
Iowa,www.allstays.com/c/target-iowa-locations.htm
Kansas,www.allstays.com/c/target-kansas-locations.htm
Kentucky,www.allstays.com/c/target-kentucky-locations.htm
Louisiana,www.allstays.com/c/target-louisiana-locations.htm
Maine,www.allstays.com/c/target-maine-locations.htm
Maryland,www.allstays.com/c/target-maryland-locations.htm
Massachusetts,www.allstays.com/c/target-massachusetts-locations.htm
Michigan,www.allstays.com/c/target-michigan-locations.htm
Minnesota,www.allstays.com/c/target-minnesota-locations.htm
Mississippi,www.allstays.com/c/target-mississippi-locations.htm
Missouri,www.allstays.com/c/target-missouri-locations.htm
Montana,www.allstays.com/c/target-montana-locations.htm
Nebraska,www.allstays.com/c/target-nebraska-locations.htm
Nevada,www.allstays.com/c/target-nevada-locations.htm
New Hampshire,www.allstays.com/c/target-new-hampshire-locations.htm
New Jersey,www.allstays.com/c/target-new-jersey-locations.htm
New Mexico,www.allstays.com/c/target-new-mexico-locations.htm
New York,www.allstays.com/c/target-new-york-locations.htm
North Carolina,www.allstays.com/c/target-north-carolina-locations.htm
North Dakota,www.allstays.com/c/target-north-dakota-locations.htm
Ohio,www.allstays.com/c/target-ohio-locations.htm
Oklahoma,www.allstays.com/c/target-oklahoma-locations.htm
Oregon,www.allstays.com/c/target-oregon-locations.htm
Pennsylvania,www.allstays.com/c/target-pennsylvania-locations.htm
Rhode Island,www.allstays.com/c/target-rhode-island-locations.htm
South Carolina,www.allstays.com/c/target-south-carolina-locations.htm
South Dakota,www.allstays.com/c/target-south-dakota-locations.htm
Tennessee,www.allstays.com/c/target-tennessee-locations.htm
Texas,www.allstays.com/c/target-texas-locations.htm
Utah,www.allstays.com/c/target-utah-locations.htm
Virginia,www.allstays.com/c/target-virginia-locations.htm
Washington,www.allstays.com/c/target-washington-locations.htm
Washington DC,www.allstays.com/c/target-washington-dc-locations.htm
West Virginia,www.allstays.com/c/target-west-virginia-locations.htm
Wisconsin,www.allstays.com/c/target-wisconsin-locations.htm
Wyoming,www.allstays.com/c/target-wyoming-locations.htm
